,Modelo,MAE,RMSE,MAPE
1,SARIMA,966.0134670584594,1083.4488841889,4.6824135152526525
2,MMP,1221.079365079365,1241.9594860861466,6.049464232401802
3,HOLT_WINTERS,1341.210812597402,1486.7209496363528,6.64122122668447
4,XGBOOST,2573.0911458333335,2758.193074392496,12.534652199175547
5,PROPHET,6669.090049885338,7319.817074547883,33.32641839825731
